{"cameraMode":{"drawMode":0,"name":"Shaded","section":"Shading Mode"},"sceneLighting":true,"audioPlay":false,"sceneViewState":{"showFog":true,"showMaterialUpdate":true,"showSkybox":true,"showFlares":true,"showImageEffects":true,"showParticleSystems":true},"in2DMode":false,"pivot":{"x":62.920127868652347,"y":-4.364418029785156,"z":46.67704772949219},"rotation":{"x":-0.12367301434278488,"y":0.7664957642555237,"z":-0.15525506436824799,"w":-0.6108907461166382},"size":130.8341522216797,"orthographic":false}