{"cameraMode":{"drawMode":0,"name":"Shaded","section":"Shading Mode"},"sceneLighting":true,"audioPlay":false,"sceneViewState":{"showFog":true,"showMaterialUpdate":true,"showSkybox":true,"showFlares":true,"showImageEffects":true,"showParticleSystems":true},"in2DMode":false,"pivot":{"x":-31.874523162841798,"y":62.985774993896487,"z":41.5135383605957},"rotation":{"x":-0.15220731496810914,"y":-0.6224806308746338,"z":0.12509052455425263,"w":-0.7574443817138672},"size":9.870369911193848,"orthographic":false}